{"cameraMode":{"drawMode":0,"name":"Shaded","section":"Shading Mode"},"sceneLighting":true,"audioPlay":false,"sceneViewState":{"m_AlwaysRefresh":false,"showFog":true,"showSkybox":true,"showFlares":true,"showImageEffects":true,"showParticleSystems":true,"showVisualEffectGraphs":true,"m_FxEnabled":true},"in2DMode":false,"pivot":{"x":645.4937744140625,"y":449.4527282714844,"z":2.935333251953125},"rotation":{"x":0.01380754355341196,"y":0.014995005913078785,"z":-0.00022932460706215352,"w":0.9998184442520142},"size":243.3470458984375,"orthographic":false}