{"cameraMode":{"drawMode":0,"name":"Shaded","section":"Shading Mode"},"sceneLighting":true,"audioPlay":false,"sceneViewState":{"m_AlwaysRefresh":false,"showFog":true,"showSkybox":true,"showFlares":true,"showImageEffects":true,"showParticleSystems":true,"showVisualEffectGraphs":true,"m_FxEnabled":true},"in2DMode":false,"pivot":{"x":400.3463134765625,"y":217.89865112304688,"z":-413.692626953125},"rotation":{"x":-0.007808891125023365,"y":-0.011402372270822525,"z":0.00008908933523343876,"w":-0.9999058246612549},"size":29.998611450195314,"orthographic":false}