{"cameraMode":{"drawMode":0,"name":"Shaded","section":"Shading Mode"},"sceneLighting":true,"audioPlay":false,"sceneViewState":{"m_AlwaysRefresh":false,"showFog":true,"showSkybox":true,"showFlares":true,"showImageEffects":true,"showParticleSystems":true,"showVisualEffectGraphs":true,"m_FxEnabled":true},"in2DMode":false,"pivot":{"x":18.913034439086915,"y":-64.03173065185547,"z":1.3711997270584107},"rotation":{"x":-0.46285125613212588,"y":-0.42595338821411135,"z":0.27051469683647158,"w":-0.7288190126419067},"size":79.00589752197266,"orthographic":false}