{"cameraMode":{"drawMode":0,"name":"Shaded","section":"Shading Mode"},"sceneLighting":false,"audioPlay":false,"sceneViewState":{"m_AlwaysRefresh":false,"showFog":true,"showSkybox":false,"showFlares":true,"showImageEffects":true,"showParticleSystems":true,"showVisualEffectGraphs":true,"m_FxEnabled":true},"in2DMode":false,"pivot":{"x":0.8379186391830444,"y":2.500822067260742,"z":3.4026756286621095},"rotation":{"x":-0.07045102119445801,"y":-0.7251855134963989,"z":0.07601387053728104,"w":-0.6809517741203308},"size":2.4714324474334719,"orthographic":false}