{"cameraMode":{"drawMode":0,"name":"Shaded","section":"Shading Mode"},"sceneLighting":false,"audioPlay":false,"sceneViewState":{"m_AlwaysRefresh":false,"showFog":true,"showSkybox":false,"showFlares":true,"showImageEffects":true,"showParticleSystems":true,"showVisualEffectGraphs":true,"m_FxEnabled":true},"in2DMode":false,"pivot":{"x":0.8958560228347778,"y":0.32806044816970827,"z":0.25232765078544619},"rotation":{"x":0.06823264807462692,"y":0.9098092317581177,"z":-0.1658470630645752,"w":0.37429919838905337},"size":1.3480925559997559,"orthographic":false}