{"cameraMode":{"drawMode":0,"name":"Shaded","section":"Shading Mode"},"sceneLighting":false,"audioPlay":false,"sceneViewState":{"m_AlwaysRefresh":false,"showFog":false,"showSkybox":false,"showFlares":false,"showImageEffects":false,"showParticleSystems":false,"showVisualEffectGraphs":true,"m_FxEnabled":true},"in2DMode":false,"pivot":{"x":0.047245800495147708,"y":0.8125990629196167,"z":0.153548464179039},"rotation":{"x":0.007815351709723473,"y":0.9910773038864136,"z":-0.11529207974672318,"w":0.06729476153850556},"size":1.414470911026001,"orthographic":false}