{"cameraMode":{"drawMode":0,"name":"Shaded","section":"Shading Mode"},"sceneLighting":false,"audioPlay":false,"sceneViewState":{"m_AlwaysRefresh":false,"showFog":false,"showSkybox":false,"showFlares":false,"showImageEffects":false,"showParticleSystems":false,"showVisualEffectGraphs":true,"m_FxEnabled":true},"in2DMode":false,"pivot":{"x":0.000020503997802734375,"y":1.17146897315979,"z":-0.08401207625865936},"rotation":{"x":-0.0002714447909966111,"y":0.977074146270752,"z":-0.2131728231906891,"w":-0.0011740566696971655},"size":1.9852546453475953,"orthographic":false}