{"cameraMode":{"drawMode":0,"name":"Shaded","section":"Shading Mode"},"sceneLighting":false,"audioPlay":false,"sceneViewState":{"m_AlwaysRefresh":false,"showFog":true,"showSkybox":false,"showFlares":true,"showImageEffects":true,"showParticleSystems":true,"showVisualEffectGraphs":true,"m_FxEnabled":true},"in2DMode":false,"pivot":{"x":2.5796093940734865,"y":10.069089889526368,"z":0.9044878482818604},"rotation":{"x":0.2567130923271179,"y":0.31219586730003359,"z":-0.08805421739816666,"w":0.9105629920959473},"size":3.0890259742736818,"orthographic":false}