{"cameraMode":{"drawMode":0,"name":"Shaded","section":"Shading Mode"},"sceneLighting":false,"audioPlay":false,"sceneViewState":{"m_AlwaysRefresh":false,"showFog":true,"showSkybox":false,"showFlares":true,"showImageEffects":true,"showParticleSystems":true,"showVisualEffectGraphs":true,"m_FxEnabled":true},"in2DMode":false,"pivot":{"x":0.4939171075820923,"y":5.030120849609375,"z":3.6732735633850099},"rotation":{"x":0.02237536571919918,"y":0.9364417195320129,"z":-0.34481319785118105,"w":0.06076753884553909},"size":1.2247449159622193,"orthographic":false}