{"cameraMode":{"drawMode":0,"name":"Shaded","section":"Shading Mode"},"sceneLighting":true,"audioPlay":false,"sceneViewState":{"m_AlwaysRefresh":false,"showFog":true,"showSkybox":true,"showFlares":true,"showImageEffects":true,"showParticleSystems":true,"showVisualEffectGraphs":true,"m_FxEnabled":true},"in2DMode":false,"pivot":{"x":-0.03392012417316437,"y":0.7070348858833313,"z":-0.5743857026100159},"rotation":{"x":-0.009631024673581124,"y":0.9455253481864929,"z":-0.3241932690143585,"w":-0.028089459985494615},"size":4.169308662414551,"orthographic":false}