{"cameraMode":{"drawMode":0,"name":"Shaded","section":"Shading Mode"},"sceneLighting":false,"audioPlay":false,"sceneViewState":{"m_AlwaysRefresh":false,"showFog":false,"showSkybox":false,"showFlares":false,"showImageEffects":false,"showParticleSystems":false,"showVisualEffectGraphs":true,"m_FxEnabled":true},"in2DMode":false,"pivot":{"x":0.32465922832489016,"y":1.083763837814331,"z":-0.5368083715438843},"rotation":{"x":-0.00021170980471652,"y":-0.9928393959999085,"z":0.12002690136432648,"w":-0.0015047212364152074},"size":1.9852546453475953,"orthographic":false}