{"cameraMode":{"drawMode":0,"name":"Shaded","section":"Shading Mode"},"sceneLighting":false,"audioPlay":false,"sceneViewState":{"m_AlwaysRefresh":false,"showFog":false,"showSkybox":false,"showFlares":false,"showImageEffects":false,"showParticleSystems":false,"showVisualEffectGraphs":true,"m_FxEnabled":true},"in2DMode":false,"pivot":{"x":0.019413501024246217,"y":0.7243160605430603,"z":-2.258708953857422},"rotation":{"x":0.001042668824084103,"y":-0.9832976460456848,"z":0.18229395151138307,"w":0.005889794789254665},"size":2.8232319355010988,"orthographic":false}