{"cameraMode":{"drawMode":0,"name":"Shaded","section":"Shading Mode"},"sceneLighting":true,"audioPlay":false,"sceneViewState":{"m_AlwaysRefresh":false,"showFog":true,"showSkybox":true,"showFlares":true,"showImageEffects":true,"showParticleSystems":true,"showVisualEffectGraphs":true,"m_FxEnabled":true},"in2DMode":false,"pivot":{"x":-60.210289001464847,"y":27.632898330688478,"z":31.673362731933595},"rotation":{"x":0.13698804378509522,"y":0.8506383895874023,"z":-0.27183663845062258,"w":0.42867884039878847},"size":9.839142799377442,"orthographic":false}